<?xml version="1.0" encoding="UTF-8" standalone="yes"?>
<addon id="repository.exodusredux" name="Exodus Redux Repo" version="0.0.2" provider-name="I-A-C">
	<extension point="xbmc.addon.repository" name="Exodus Redux Repo">
          <dir>
		<info compressed="false">https://raw.githubusercontent.com/I-A-C/ExodusReduxRepo/master/zips/addons.xml</info>
		<checksum>https://raw.githubusercontent.com/I-A-C/ExodusReduxRepo/master/zips/addons.xml.md5</checksum>
		<datadir zip="true">https://raw.githubusercontent.com/I-A-C/ExodusReduxRepo/master/zips/</datadir>
          </dir>
          <dir>
		<info compressed="false">https://raw.githubusercontent.com/jsergio123/zips/master/addons.xml</info>
		<checksum>https://raw.githubusercontent.com/jsergio123/zips/master/addons.xml.md5</checksum>
		<datadir zip="true">https://raw.githubusercontent.com/jsergio123/zips/master/</datadir>
          </dir>
	</extension>
	<extension point="xbmc.addon.metadata">
		<summary>Lambdascrapers</summary>
		<description>Lambdascrapers</description>
		<disclaimer></disclaimer>
		<platform>all</platform>
	</extension>
</addon>
