<?xml version="1.0" encoding="UTF-8" standalone="yes"?>
<addon id="script.exodusredux.metadata" version="1.0.1" name="Exodus Redux Metadata" provider-name="I-A-C">
	<requires>
		<import addon="xbmc.python" version="2.19.0"/>
	</requires>
	<extension point="xbmc.python.module" library="lib" />
	<extension point="xbmc.addon.metadata">
		<summary>Metadata for the Exodus Redux Addon</summary>
		<description>Metadata for Exodus Redux are maintained separately to make distribution of the the addon itself easier/faster.</description>
		<platform>all</platform>
	</extension>
</addon>
